base	freq	perc
A	4509	15.0787546400027
C	2836	9.48399826104404
T	4862	16.2592382035247
G	3051	10.2029896665886
N	14645	48.9750192288399
