base	freq	perc
A	1296	4.33401330970137
C	782	2.61512222853894
T	1409	4.71190181587132
G	874	2.92278366719058
N	25542	85.4161789786978
