base	freq	perc
A	8448	28.2456785582935
C	5186	17.3392624293691
T	9096	30.4122504931626
G	5563	18.5997525828346
N	1616	5.40305593634023
