base	freq	perc
A	2503	8.370397618968
C	1563	5.22690031100558
T	2636	8.81516904658396
G	1644	5.49777614286192
N	21557	72.0897568805805
