base	freq	perc
A	7711	25.7867103635087
C	4692	15.6907333712337
T	8407	28.1142360298298
G	5062	16.9280674179848
N	4031	13.4802528174431
