base	freq	perc
A	1961	6.55787044778116
C	1225	4.09657893856804
T	2093	6.99929772932482
G	1307	4.37079891649667
N	23317	77.9754539678293
