base	freq	perc
A	8903	29.7669597779932
C	5431	18.1584138553613
T	9637	32.2210705807616
G	5861	19.5961081948577
N	77	0.257447591026113
