base	freq	perc
A	8911	29.8056661203465
C	5429	18.1590126099609
T	9632	32.2172793256848
G	5856	19.5872495568117
N	69	0.23079238719604
