base	freq	perc
A	8654	28.9460480984714
C	5273	17.6372211258655
T	9324	31.187075626317
G	5665	18.9483894705154
N	981	3.28126567883065
