base	freq	perc
A	8911	29.7937075796583
C	5427	18.1450399545287
T	9650	32.2645357584674
G	5863	19.602795145274
N	58	0.193921562071617
