base	freq	perc
A	8825	29.5081419065771
C	5383	17.9991306383121
T	9552	31.9390109338951
G	5801	19.39679673655
N	346	1.1569197846658
