base	freq	perc
A	6965	23.2841908200448
C	4301	14.3783639220406
T	7549	25.2365192391268
G	4647	15.5350516497844
N	6451	21.5658743690034
