base	freq	perc
A	4894	16.3662508778383
C	2999	10.029094070829
T	5053	16.8979701033341
G	3294	11.0156171621576
N	13663	45.6910677858409
