REGION	POS	REF	ALT	REF_DP	REF_RV	REF_QUAL	ALT_DP	ALT_RV	ALT_QUAL	ALT_FREQ	TOTAL_DP	PVAL	PASS	GFF_FEATURE	REF_CODON	REF_AA	ALT_CODON	ALT_AA
MN908947.3	12073	C	T	0	0	0	11	5	37	1	11	2.83514e-06	TRUE	cds-QHD43415.1	GAC	D	GAT	D
MN908947.3	12076	C	T	0	0	0	10	5	36	1	10	5.41254e-06	TRUE	cds-QHD43415.1	AAC	N	AAT	N
MN908947.3	12213	C	T	0	0	0	10	5	37	1	10	5.41254e-06	TRUE	cds-QHD43415.1	TCT	S	TTT	F
MN908947.3	13222	A	G	24	12	37	12	6	37	0.333333	36	9.77664e-05	TRUE	cds-QHD43415.1	GAA	E	GAG	E
MN908947.3	13306	T	C	24	12	37	12	6	36	0.333333	36	9.77664e-05	TRUE	cds-QHD43415.1	GGT	G	GGC	G
MN908947.3	20283	C	T	0	0	0	279	18	37	1	279	3.13931e-167	TRUE	cds-QHD43415.1	TTC	F	TTT	F
MN908947.3	24573	T	C	182	89	37	347	173	37	0.655955	529	5.98589e-144	TRUE	cds-QHD43416.1	TTG	L	TCG	S
MN908947.3	24770	G	+A	15	8	37	6	0	20	0.4	15	0.0334311	FALSE	NA	NA	NA	NA	NA
MN908947.3	24771	C	A	7	4	37	7	4	37	0.5	14	0.00386473	TRUE	cds-QHD43416.1	GCA	A	GAA	E
MN908947.3	24773	C	A	7	4	37	7	4	35	0.5	14	0.00386473	TRUE	cds-QHD43416.1	CAA	Q	AAA	K
MN908947.3	24776	G	A	7	4	36	7	4	36	0.5	14	0.00386473	TRUE	cds-QHD43416.1	GAA	E	AAA	K
MN908947.3	24781	G	A	7	4	37	6	4	35	0.461538	13	0.00968944	TRUE	cds-QHD43416.1	AAG	K	AAA	K
MN908947.3	26455	C	T	0	0	0	11	7	36	1	11	2.83514e-06	TRUE	cds-QHD43418.1	CCT	P	TCT	S
MN908947.3	26464	C	T	0	0	0	10	6	37	1	10	1.08251e-05	TRUE	cds-QHD43418.1	CTG	L	TTG	L
MN908947.3	27131	C	T	0	0	0	1794	891	37	0.999443	1795	0	TRUE	cds-QHD43419.1	AAC	N	AAT	N
MN908947.3	27297	C	T	0	0	0	1732	903	36	1	1732	0	TRUE	cds-QHD43420.1	ATC	I	ATT	I
MN908947.3	28209	G	T	0	0	0	15	9	37	1	15	1.28935e-08	TRUE	cds-QHD43422.1	GAA	E	TAA	*
MN908947.3	28775	C	T	0	0	0	27	15	36	1	27	1.02725e-15	TRUE	cds-QHD43423.2	CCA	P	TCA	S
