REGION	POS	REF	ALT	REF_DP	REF_RV	REF_QUAL	ALT_DP	ALT_RV	ALT_QUAL	ALT_FREQ	TOTAL_DP	PVAL	PASS	GFF_FEATURE	REF_CODON	REF_AA	ALT_CODON	ALT_AA
MN908947.3	5284	C	T	0	0	0	12	5	36	1	12	7.39602e-07	TRUE	cds-QHD43415.1	AAC	N	AAT	N
MN908947.3	9598	C	T	0	0	0	10	4	36	1	10	1.08251e-05	TRUE	cds-QHD43415.1	TAC	Y	TAT	Y
MN908947.3	9611	C	T	0	0	0	10	4	37	1	10	1.08251e-05	TRUE	cds-QHD43415.1	CTT	L	TTT	F
MN908947.3	11668	C	T	0	0	0	19	13	36	1	19	5.65847e-11	TRUE	cds-QHD43415.1	AAC	N	AAT	N
MN908947.3	12073	C	T	0	0	0	29	13	36	1	29	6.65175e-17	TRUE	cds-QHD43415.1	GAC	D	GAT	D
MN908947.3	12076	C	T	0	0	0	29	13	37	1	29	6.65175e-17	TRUE	cds-QHD43415.1	AAC	N	AAT	N
MN908947.3	12213	C	T	0	0	0	31	16	36	1	31	5.62718e-19	TRUE	cds-QHD43415.1	TCT	S	TTT	F
MN908947.3	12596	C	T	0	0	0	18	5	36	1	18	2.20382e-10	TRUE	cds-QHD43415.1	CTT	L	TTT	F
MN908947.3	12756	C	T	0	0	0	22	13	37	1	22	4.75263e-13	TRUE	cds-QHD43415.1	ACT	T	ATT	I
MN908947.3	12786	C	T	0	0	0	33	20	36	1	33	2.7703e-19	TRUE	cds-QHD43415.1	ACA	T	ATA	I
MN908947.3	15738	C	T	0	0	0	12	7	37	1	12	7.39602e-07	TRUE	cds-QHD43415.1	TTC	F	TTT	F
MN908947.3	16616	C	T	7	4	37	3	1	37	0.3	10	0.123839	FALSE	cds-QHD43415.1	ACT	T	ATT	I
MN908947.3	17278	G	T	0	0	0	10	5	37	1	10	1.08251e-05	TRUE	cds-QHD43415.1	GTG	V	TTG	L
MN908947.3	18668	G	T	6	2	37	4	1	37	0.4	10	0.0541796	FALSE	cds-QHD43415.1	TGT	C	TTT	F
MN908947.3	19891	G	T	0	0	0	11	3	37	1	11	2.83514e-06	TRUE	cds-QHD43415.1	GAT	D	TAT	Y
MN908947.3	21707	C	T	0	0	0	13	5	37	1	13	1.92297e-07	TRUE	cds-QHD43416.1	CAT	H	TAT	Y
MN908947.3	21727	C	T	0	0	0	14	6	36	1	14	2.49273e-08	TRUE	cds-QHD43416.1	TTC	F	TTT	F
MN908947.3	23398	T	C	0	0	0	44	16	37	1	44	7.61948e-26	TRUE	cds-QHD43416.1	TAT	Y	TAC	Y
MN908947.3	23403	A	G	0	0	0	43	16	37	1	43	3.01316e-25	TRUE	cds-QHD43416.1	GAT	D	GGT	G
MN908947.3	28209	G	T	1	1	37	23	12	37	0.958333	24	7.75251e-13	TRUE	cds-QHD43422.1	GAA	E	TAA	*
MN908947.3	28775	C	T	0	0	0	135	77	36	1	135	1.08654e-80	TRUE	cds-QHD43423.2	CCA	P	TCA	S
MN908947.3	28889	T	C	0	0	0	24	15	36	1	24	6.20201e-14	TRUE	cds-QHD43423.2	TCT	S	CCT	P
MN908947.3	29445	C	T	0	0	0	42	27	36	1	42	1.19125e-24	TRUE	cds-QHD43423.2	ACT	T	ATT	I
