base	freq	perc
A	8904	29.7822523999063
C	5436	18.182426330401
T	9637	32.2340034117136
G	5857	19.5905943740175
N	63	0.210723483961602
