base	freq	perc
A	8904	29.7822523999063
C	5437	18.1857711476068
T	9636	32.2306585945078
G	5858	19.5939391912232
N	62	0.207378666755862
