base	freq	perc
A	8902	29.7755627654949
C	5440	18.195805599224
T	9633	32.2206241428906
G	5858	19.5939391912232
N	64	0.214068301167341
