base	freq	perc
A	8911	29.8056661203465
C	5437	18.1857711476068
T	9651	32.2808308525939
G	5862	19.6073184600462
N	36	0.120413419406629
